{
  "centroids": {
    "blocked": {
      "barcode_visible_feature": 0.8480409459936463,
      "blocked_feature": 1.0,
      "brightness_feature": 0.6450979527003181,
      "edge_density_feature": 0.303875926579596,
      "fill_percentage_feature": 29.136830215319417
    },
    "empty": {
      "barcode_visible_feature": 0.8481837298478538,
      "blocked_feature": 0.0,
      "brightness_feature": 0.6509551808023788,
      "edge_density_feature": 0.03706687832432698,
      "fill_percentage_feature": 0.33029480888962237
    },
    "full": {
      "barcode_visible_feature": 0.8504681647940074,
      "blocked_feature": 0.0,
      "brightness_feature": 0.6497792602996266,
      "edge_density_feature": 0.6721957397003784,
      "fill_percentage_feature": 67.40170224719063
    },
    "low": {
      "barcode_visible_feature": 0.848779445542439,
      "blocked_feature": 0.0,
      "brightness_feature": 0.649350248384172,
      "edge_density_feature": 0.19582671865819606,
      "fill_percentage_feature": 19.508982960312025
    }
  },
  "features": [
    "fill_percentage_feature",
    "brightness_feature",
    "edge_density_feature",
    "barcode_visible_feature",
    "blocked_feature"
  ],
  "metrics": {
    "dataset_records": 100000,
    "target_accuracy": 0.98,
    "target_met": true,
    "test": {
      "accuracy": 1.0,
      "label_distribution": {
        "blocked": 1192,
        "empty": 5073,
        "full": 4600,
        "low": 4135
      },
      "records": 15000
    },
    "train": {
      "accuracy": 0.9999,
      "label_distribution": {
        "blocked": 5666,
        "empty": 24253,
        "full": 21360,
        "low": 18721
      },
      "records": 70000
    },
    "validation": {
      "accuracy": 0.9999,
      "label_distribution": {
        "blocked": 1167,
        "empty": 5113,
        "full": 4617,
        "low": 4103
      },
      "records": 15000
    }
  },
  "model_name": "rack-state-centroid-baseline",
  "model_version": "v0.1.0"
}